name,street,city,age
Sanford Boseley,Donald,Romanovskaya,13
Felice Ascroft,Ridge Oak,Huochezhan,99
Van Stickings,Blaine,Penza,36
Georgia Dullingham,Vermont,Ajaccio,71
Mel Jurisch,Banding,Longquan,62
Prentice Ewbanche,Merrick,Łomża,4
Shantee Siverns,Luster,Iwakura,65
Laurianne Common,Sachtjen,Nanlin,76
Tracey Goodboddy,High Crossing,Usukhchay,92
Iorgos Riccioppo,Pine View,Sumberdadi,56
Margery Kenan,Straubel,Sułkowice,55
Esta Girodier,Crest Line,Minato,60
Hadlee Scamp,Superior,Pacar,49
Deonne Genny,Butterfield,Thị Trấn Thuận Châu,95
Reggy Rein,Briar Crest,Linxihe,66
Paco Zmitruk,Fallview,Banjar Gunungpande,88
Alanah Frankiss,Pearson,Jiangshan,9
Rosella Perkin,Saint Paul,Narimanov,13
Justino Franceschielli,Oxford,Darhan,52
Willy Gwatkin,Anthes,Bilicenii Vechi,45
Rudolf Brakespear,Mitchell,Uchaly,68
Hort Waite,Division,Bendungan,27
Case Buret,Pleasure,Mosteiró,28
Miquela Kindleside,Mifflin,Łopuszno,84
Carmel Stean,Brown,Sindong,90
Brittni Bachellier,Loeprich,Dawuhan,68
Freemon Morrissey,Kim,Göteborg,78
Giacinta Jedrzejewski,Birchwood,Leon,65
Donnajean Liepins,Boyd,La Cañada,1
Nettle Duggon,8th,Isiolo,92
Isiahi Lillgard,Ramsey,Palmital,68
Eloise Kegan,Pepper Wood,Balong Wetan,19
Alexi Dufaire,Old Shore,Mokil,92
Hew Griss,Tennessee,Quimper,54
Clarence Deignan,Graceland,Isojoki,21
Karissa Briddle,Magdeline,Beijie,52
Nikos Lister,Carioca,Luna,3
Elfrida Candlin,Vernon,Portela,4
Sammy Gauchier,Bashford,Tanushimarumachi-toyoki,67
Letti Lavalle,Orin,Xincheng Chengguanzhen,16
Wilden Laban,Sullivan,Zaytā,97
Nikos Alphonso,Briar Crest,Ferreira,51
Nickolas Gillean,Debs,Tiecun,100
Sheryl Rapkins,Myrtle,Jbaïl,9
Coletta McDonogh,Gina,Tuochuan,3
Valeria Bonnell,Nevada,Chengzihe,65
Flor Bakhrushkin,Sloan,Shazhuang,77
Melinda Mussalli,Springview,Quebrada Larga,71
Terencio Mackneis,Holy Cross,Rongxi,3
Erwin Peele,Rigney,Utara,15
Pall Peckitt,Dennis,Donggaohuang,64
Annadiane Rodwell,Holy Cross,Kladno,54
Estella Adamolli,Utah,Chicama,37
Cleve Tolman,Dennis,Devitsa,3
Kim Blything,Roxbury,Kościerzyna,8
Gerda Smaile,Florence,Dobruševo,37
Marcella Watt,5th,Békéscsaba,47
Jamesy Huws,Elka,Velikovechnoye,19
Chickie Bissell,Vermont,Banjar Dauhmargi,99
Emylee Bartos,Kropf,Curuzú Cuatiá,90
Sergeant Haward,Elmside,Wutumeiren,84
Raoul Annear,Farragut,Jiangdianzi,91
Hamil Kirkness,Debs,Aş Şūrah aş Şaghīrah,3
Dorisa Calles,Morrow,Bandhagen,88
Elwyn Poge,Chinook,Liutao,94
Jolee Fazan,Dennis,Pop Shahri,57
Dewie Veracruysse,Basil,Porsgrunn,11
Pat Boyes,Cordelia,Bishkek,67
Cherry Behr,Mcguire,Laprida,20
Pate Haysom,Homewood,Dayu,59
Nichols Glenn,Arkansas,Laúndos,44
Trudey Ibeson,Moose,Oslo,7
Chrisse Stepto,Waywood,Millerovo,39
Joan Bortoli,Southridge,Krásná Lípa,79
Reamonn Murrell,Quincy,Usulután,38
Rodge Wylie,Everett,Huangjiakou,82
Brittan Tomasek,Lunder,Sinfra,55
Michel Groucutt,Lakeland,Xiaoduchuan,54
Krystalle Deshorts,Marcy,Shuanghe,49
Ilsa Souttar,Redwing,Kičevo,83
Marcy Gathwaite,Sherman,Aleshtar,74
Alyssa Tomich,Buhler,Calde,12
Keen Whines,Pond,Ananea,97
Walther Lanphier,Sauthoff,Huacheng,87
Leona Currier,Pennsylvania,Al Başrah,9
Horace McDowell,Shoshone,Marugame,51
Valle Standall,Dapin,Headlands,93
Piper Eatherton,Morningstar,Buy,85
Bernadine Beton,Sauthoff,Billdal,98
Kellby Heliar,Golden Leaf,Oleszyce,71
Bunny Vanyatin,Emmet,Narowlya,85
Orella Dellow,Longview,Dois Córregos,42
Evered Vergo,International,Lingkou,46
Maddie Quan,Moose,Hammam Sousse,93
Fletcher Clogg,Boyd,Qaxa,55
Bird Halsho,Bunker Hill,Klaeng,74
Galvan Gumley,Marquette,Jatisari,26
Westbrooke Remmers,Spenser,Cincinnati,53
Lexine Keemar,Hazelcrest,Zhongbu,65
Shae de Tocqueville,Pawling,Longtou’an,31